Pair,Pearson Correlation,P-value
Temperature vs Humidity,0.6704020611098821,1.0250107949903743e-110
Temperature vs Gas Level,0.8031109619830193,1.222815511571595e-190
Humidity vs Gas Level,0.6366961971801456,1.0995888316777976e-96
