Pair,Pearson Correlation,P-value
Temperature vs Humidity,-0.6541085599019447,1.0422024749522882e-103
Temperature vs Gas Level,0.7963591753323572,3.498595265863392e-185
Humidity vs Gas Level,-0.6462740377022969,1.7174834229113608e-100
